,AP Biology,AP Calculus AB,AP Chemistry,AP Computer Science Principles,AP Microeconomics,AP Physics 1,AP Physics 2,AS English Literature,C-Humanities,Chinese II,Chinese as a Second Language II,English II,Fine Art I,IGCSE Additional Math,IGCSE Biology (Accelerated),IGCSE Chemistry (Accelerated),IGCSE Economics (Year 2),IGCSE English Literature (Year 2),IGCSE History (Year 2),IGCSE Math (Year 2),IGCSE Physics (Accelerated),IT (Year 1),World History II
Scores,32.1553187434169,91.04411882194168,91.10618027631554,97.0,92.49081042376238,88.43606100093763,77.9480513370274,92.71428571428561,93.0,86.74160554075415,91.4083659575658,89.17888888888884,82.89111194352525,95.8631904272336,81.21675359113911,85.41950216874895,78.81864230427377,83.45964474198132,82.42000325612021,89.80857142857145,82.01650261034645,80.66420111278268,92.84702891002996
